vibration_rms,exhaust_temp_deviation,label
3.9105729133636586,44.5892988219026,1
3.7125500599593955,43.444207832873566,1
2.9726587421042403,44.79203869540507,1
1.1999622454850907,12.484731799520777,0
4.458287417177414,43.97612671423764,1
4.594198694087797,51.749678478840046,1
3.7153855624415693,43.363769817356854,1
0.9775107448364706,9.564382654248767,0
1.461306872581582,12.485758318139826,0
3.9334146237444685,46.272427820024774,1
3.3489187366492867,47.14631109131006,1
1.0341193577630337,10.20507101226729,0
2.9503151226173614,43.15506060221067,1
1.1808169631390424,11.882189609986815,0
4.235753991376325,44.56066369786159,1
4.169851411539986,46.248123481973934,1
3.6739669364359524,44.123711140088844,1
2.7434968557205854,42.94722706797094,1
1.0878773700604039,10.837940362248638,0
3.862762725152104,50.2323369267447,1
1.5126032197090042,10.366508235054754,0
1.8376232940105024,17.116739855430453,0
2.695081731252241,38.10998057042527,1
3.987019914825292,49.720751405657786,1
1.0787907551969758,7.516878275034258,0
1.3323409096911756,6.616682508421048,0
3.119405869895677,45.18041284894687,1
3.588266394085495,40.76451654483036,1
3.3763812069287202,47.86949274177637,1
2.961386019495997,48.69013754939793,1
1.5674664023201323,11.739996613778404,0
3.2067606243547377,40.94225249337798,1
1.047783536995415,9.014580641992607,0
1.2334891504282979,11.920122024701021,0
3.7062608761984515,41.39343644188903,1
1.0138270314058082,6.996096910227148,0
0.9370723286896834,11.32403277192331,0
1.2926419645458123,13.693491469786803,0
1.1672539672834852,8.802891160244265,0
1.1445924309406879,8.269010564218114,0
0.8166898001231131,10.52071179868654,0
1.0164844997021647,5.264254233098468,0
3.05865986220463,45.91153954907502,1
1.2382796921442354,7.104754432125356,0
1.7572093347808966,9.844347419199478,0
0.8508770583791597,14.141219886051768,0
3.052395465972685,48.835357125675735,1
3.4969098391305367,46.153898603635504,1
0.8607970215078958,10.501591524431316,0
2.4184516168077215,39.50238604155435,1
3.6868671588985094,44.47001833897057,1
1.1620965374955972,9.173822084537454,0
4.79676427703317,45.01092523748496,1
0.8701829885427836,9.553382429862209,0
3.2507997953950865,40.56404874279208,1
2.9625528672566794,42.39409050230382,1
0.8976992433057147,6.870590546761846,0
1.6925450136867393,11.209637363500756,0
3.0564176286378313,39.45638786214944,1
1.4044862087664785,10.816491535476514,0
3.2381213232465704,41.13121907256294,1
1.1531034612712863,14.530992002513683,0
1.5570753867632385,10.184510569855702,0
4.163661199134761,45.03393608286661,1
3.7775137224464888,42.94984927042694,1
1.0641452879694362,5.2407958296037025,0
1.271133277742688,10.329600252171472,0
3.4599571165149214,45.344965537787246,1
0.7328138832896169,8.32238001229081,0
3.945435726012045,47.964443465163754,1
1.631876926656467,11.519347593386506,0
0.9193737117928117,14.89146597852651,0
3.0932943375132034,46.09094894964636,1
3.774598275436719,46.52071818711712,1
0.7635213974538007,9.624238842895528,0
3.895600237954664,48.11518772202809,1
0.9299367507294243,12.373409201847824,0
1.1843264959386008,9.557042681790351,0
1.1412093498383684,11.79692175277683,0
4.16227970094992,49.623380143999086,1
3.4202385965943325,39.55458129607976,1
4.381825455826661,47.01101726522509,1
1.3906468103768135,7.666715564152448,0
0.8821149388606123,18.21910969882064,0
0.8169509684693613,8.59014683631733,0
1.0939934552256274,7.587238201209184,0
1.1102049895910162,3.9268760104558877,0
1.0543108847913745,7.701485876034431,0
1.1100233894616134,16.05830473346435,0
0.9817072746529535,9.478491008001601,0
2.8029903240027125,45.96304198838425,1
1.4049263452993326,10.25492605607062,0
1.4702260343029745,10.885076144320728,0
3.724212788142241,48.85943014883969,1
1.420550046306706,10.401461019755166,0
0.9339055878799061,8.552785174013808,0
3.400912943111519,42.009913166431645,1
1.2514888370216544,9.329733755829423,0
3.851594213147904,47.44578239603663,1
0.8530321694424035,5.841961901134357,0
3.1096321251941106,48.73179450242069,1
2.1557096283555652,15.64178406465507,0
1.3879959248835447,10.459163707619316,0
3.0676695323957577,42.42762934853384,1
3.0195927069113533,43.75078876552601,1
3.6702187049153543,44.54424514771158,1
0.6577929907490597,11.361536235502667,0
0.9327054626390034,9.679386760977314,0
3.0011270521888593,48.46798643220542,1
1.6545488967088895,8.91326266924946,0
1.5281762304260171,11.331688454296703,0
3.32050109706456,49.86485601449058,1
0.8049063525908325,8.715561650971745,0
3.278499184502904,38.657253523843096,1
3.7149406761397343,48.757984756635544,1
1.5863625123804304,10.890256050944293,0
0.4159935441820455,14.167135346095474,0
4.517971107988786,47.46625641429966,1
3.5896937565843205,47.43104966679711,1
3.854070155228632,42.64724152153969,1
1.2828345465398163,11.228260278483718,0
2.5178206162434025,50.60747418910558,1
3.927422045461756,45.697222060942195,1
2.8937444920887825,45.11872788729104,1
1.3042776826522067,13.368535184293712,0
3.7884166392554635,53.38271003174394,1
1.242406134956531,8.791230541092277,0
1.3012442397805695,8.957752441868843,0
3.459028686189417,36.99734209714164,1
3.1694034730988374,44.4497357886168,1
1.349983925358983,14.449347592369282,0
1.2736762414636684,10.255487654042636,0
3.635948430488917,42.67377833462256,1
0.9804213012199465,7.939147095900666,0
3.344157994379791,44.69960153762268,1
3.4178436602136966,45.858700487701654,1
3.753871004278092,49.07680629160648,1
3.8893428654226128,43.01873807686747,1
3.6418465096994446,45.81083958820534,1
0.7539500395891783,4.484242481070274,0
0.9873049046980273,5.861942301976863,0
1.221285581411871,10.745799871279603,0
3.647734522431498,48.70030208559051,1
1.1545429240362268,7.5200521602316,0
3.0847451110697057,45.32269280655743,1
3.028324711003791,41.64307659249403,1
1.4410309194623083,9.304696421705408,0
1.2686652940039906,13.014732839880015,0
1.4902065290712394,7.5491256304264756,0
1.3382128148333345,12.634116530139321,0
3.036819531052232,36.709386269611834,1
1.5107258258188876,9.071197100294158,0
3.3660054884749235,48.69837214986149,1
3.153856449520883,45.23348367857718,1
3.6647731675798685,44.75373620484361,1
3.718149443646669,44.00647777693927,1
2.7527504794481916,43.81882794829897,1
0.7583738026035096,8.900202482954976,0
3.6368147066495733,47.63220266897318,1
1.3291130619233036,8.147089863260794,0
4.3825775200768495,47.77638891352279,1
2.941045575652077,48.43302170212131,1
1.0811567720400626,8.78920988828136,0
0.8193620618120303,6.394079581214454,0
1.6670586833145151,9.21879326727285,0
1.0312523504506763,6.86017069416372,0
3.6099907071893154,46.89901017984313,1
3.7156396335354915,43.05961071846741,1
3.5843724226388995,37.06145344857164,1
1.4264715559939207,8.99085990371684,0
1.174176917738268,14.875620368819115,0
4.194797894557659,48.767517761588955,1
3.9578602775328764,43.92675213522307,1
1.07297851869773,8.973891679318914,0
1.2881175196830685,9.663869099978832,0
3.807110751002555,42.047363719327706,1
1.8591150770658826,9.720649545809033,0
1.0729890453006843,5.879180734370222,0
3.047310641796894,40.927647331181596,1
1.3600717229885877,12.622283502150742,0
3.592922027091393,44.3769724510775,1
0.8771101373743262,10.86394788529434,0
4.0570252211990345,43.12876735216762,1
3.413076564559385,44.122951169089305,1
1.6504139934406568,10.95199240909617,0
4.3395188249118375,48.10320238115006,1
3.305580567499319,39.59394862660018,1
3.708708658476472,45.247773385710595,1
1.086931002159726,11.820390983239808,0
1.3405050869954924,7.398403460439173,0
1.633061759366846,10.619528569273662,0
2.785324973536416,50.99022741192285,1
3.584118707848953,44.01414831900163,1
3.3826756115434895,46.80650415436492,1
3.4132704865821895,44.80402121723163,1
1.173096208082332,13.458176993995247,0
2.729248213814187,51.31617557473024,1
3.7720230921688613,39.573347819526276,1
0.9898730272351596,8.670862133077971,0
3.694285058626694,42.73168043706479,1
0.9303756159594118,9.954183673914839,0
0.8316490812177569,16.02499125048983,0
1.4632076144292228,12.01006681955533,0
2.794136968734383,38.10134844728987,1
3.9184235622155588,51.30379450891477,1
4.173577438717556,44.75474984515311,1
3.4233788488469474,39.983832546442386,1
0.8351293940025342,7.843971596451725,0
1.3276206720820298,12.36133762798257,0
1.2870073863903368,7.958493791394653,0
1.0890223635489649,11.230455468193872,0
2.8517885262487974,36.656703414425614,1
0.9038618110978174,11.044900453160825,0
0.8950005514361611,11.174103837188657,0
4.288610489380912,45.88788390120093,1
0.8960087788704167,8.192361303039817,0
1.3495848476755654,11.358864313581655,0
3.0196879410862105,40.692801774812295,1
3.7705251628259044,51.039297196027235,1
0.9991928781917488,11.293277778255717,0
1.7603183893644014,6.8941522610259485,0
3.789133396527847,46.331445602587905,1
2.582275234062933,44.55367983497657,1
4.13903189700806,43.83588862307044,1
1.2861929436448958,12.464325399822252,0
3.4438727704926997,49.62810195274974,1
1.2725540251032061,9.366347262704993,0
0.9787723497080648,16.021861278810814,0
3.59032474643525,44.012293252479786,1
3.2951212651969533,41.9249371105595,1
1.11353140797178,11.77005451922924,0
4.221936934343566,45.76668258102818,1
2.956205558685034,43.98687473507576,1
3.176114561772672,47.31807143460296,1
3.163902367592645,46.83918979888467,1
1.343407320608614,11.166522976628926,0
0.7129121336592148,5.230390260483279,0
1.6967411034957143,6.126963570118658,0
3.608522643295045,50.039863441346284,1
3.582001287972478,45.23966269459543,1
3.0026050001809326,45.70884086989477,1
3.327660707626252,47.84406433869575,1
3.9093092351849554,49.054126500246056,1
1.195542014007762,8.672305054704067,0
3.2253916593697927,48.21828249682431,1
1.243656568585693,9.286995683371684,0
4.156816561909908,45.36814608134023,1
3.6584662909812913,44.34304283806715,1
2.7288451911623453,42.514031282593976,1
1.1024441001433494,10.36221907458389,0
0.7976256656590711,12.593213282612012,0
1.0759541628307034,7.3136099610238645,0
1.3138390779467746,10.438917553786936,0
1.5103893702774396,12.120716596815486,0
1.0288277055219701,10.65778507785094,0
0.8001010541635702,7.617420600344889,0
0.9212777580265377,11.132541269516947,0
0.9537548336339754,7.271687364449431,0
2.291527550221365,39.87547531936145,1
1.1549596460203582,12.427103904538507,0
1.5419223612217292,8.835512030737487,0
1.1184266841946129,7.359741584190342,0
3.792581361665273,45.31456804470474,1
1.3249069736568362,11.504867150575897,0
1.2787795293516664,14.466023739949282,0
2.9734188885396056,42.58314166858221,1
4.31109763790265,45.80877306842285,1
1.200978163427235,10.15034582076721,0
2.7794506627530255,45.663815826379285,1
3.6917976059392097,42.29796804852904,1
0.6696912933576881,12.380201185281088,0
1.6034238952998945,8.927798985513702,0
4.190066037339905,39.51493115070376,1
3.318841102423936,50.55924007527939,1
3.890247125880355,43.19317858139999,1
4.678137065229605,46.90962746405467,1
3.837909323723908,48.99952950096255,1
1.2110642455972853,10.658063879341332,0
0.8614712571530656,6.260834123110469,0
3.3070652505646585,46.20622561540277,1
3.1413319772404353,34.73288714121903,1
1.2613850366222445,8.117190868163119,0
3.427903642504904,47.71094885854125,1
4.524504814547028,46.01817710785759,1
2.8280311727741885,39.454930816408094,1
3.695335455810496,47.737966785869205,1
1.272108388054046,5.0305863147773655,0
1.1116324729639944,9.326875373013483,0
3.3614884085613532,47.99378121458052,1
1.1483060075617175,9.985839760654972,0
1.231613581694544,6.385102746090277,0
3.6553259514095493,40.21031780212776,1
0.7053588422604723,5.031325960358721,0
2.621186855710055,45.84467254115662,1
1.3847898310357545,12.101154428883461,0
2.4939334434852727,44.29780977573246,1
1.246356896999694,3.9691290448967314,0
1.0476860102038177,10.087606367162904,0
3.0378875852313203,39.161416844951404,1
1.1479190432051016,4.201336412845255,0
