x1,x2,label
0.37800361439062763,0.2032282981602135,1
-0.36882201858443076,0.31637280930339096,1
0.469901234542188,0.9045442867461112,0
0.5943524112776442,0.06513400432321562,1
-0.9866362094548601,0.1695215128212299,0
-0.7170085006179171,0.43835951420071007,0
-0.34907739427422385,-0.4133974469654744,1
-0.995858988960512,0.10803081281846348,0
-0.25363415225444164,0.41005819152944634,1
-0.6960944469210619,-0.6457977697238269,0
0.9283581778954653,0.25852945549147044,0
0.1795382389846077,-0.19891568542834503,1
-0.266141505621612,1.1746496919432166,0
-0.7557813065431436,0.793410285998833,0
-0.569765424296816,-0.9258550191542076,0
0.31859912535085366,1.0285728244997316,0
-0.3948557726314558,0.07746139498340401,1
0.2860311358768838,-0.29412578657222815,1
0.2531188811529264,0.4477797866027181,1
0.5943071988277648,-0.16290824115771504,1
-0.693334232854697,0.6761300384615667,0
1.008250102427592,0.5071305008355798,0
0.5070427262510568,0.05534968518436331,1
-0.2531097440219045,0.32847352935228674,1
1.0446289348001918,0.11362423171192629,0
0.4965942912941232,0.04966390277820436,1
-0.971724535197688,-0.5125877141055214,0
0.2636942899992372,0.19145982138271292,1
-0.15462609084476295,0.37539688006472155,1
-0.8690935659500401,-0.2544556697840513,0
0.5999520209314723,-0.16851554279185854,1
0.8520936768239125,-0.30060837416164965,0
0.042695944463194246,0.41938783229210114,1
-0.1651996902311623,0.9575275881659454,0
0.2321141944225278,0.32935956115247733,1
-0.871232284158337,-0.4322936849135439,0
-0.7499240747016915,-0.5845947781207319,0
0.04917158171506572,-0.38306637980523667,1
0.21191360889955224,-1.0233555094245639,0
-0.17462354150235376,-0.9373958318580892,0
0.21877974655366011,-0.21663055969972772,1
-0.04199731149276267,1.0734748064739843,0
-0.7916544143752271,0.5503463755233529,0
0.6745094670883985,1.032505293795308,0
-0.9988278203617148,0.4515532853303044,0
0.4191517554491664,-0.25357458249991677,1
-0.08281100910242017,-0.7955546286281708,0
0.7417545800707643,-0.5635114326226396,0
0.7907039869560687,0.5569503212411402,0
0.5172465914429702,-0.7231793042052056,0
0.306699891152195,1.0325729908262304,0
-0.3465624968708945,-0.2675351305637916,1
-0.19149782228984857,-0.30005118663561287,1
-0.6383294796716593,0.6733384459330912,0
0.1498808051064553,-0.32013498091522957,1
0.4448071665633214,0.9646292941164195,0
0.30581310280664253,0.3434344690518412,1
0.6560452241381526,-0.6878941954103623,0
0.7204356410361504,0.713577981517648,0
-0.17116913683502613,-1.0331804082903167,0
-0.8309027741454187,-0.6013512872712377,0
-0.5144626423626198,-0.10325627229281824,1
-0.12781565414887186,0.29526232072192704,1
-0.6114974708747043,0.6845881851934964,0
-0.9347507494643602,0.02219189441235738,0
0.6461004937799731,0.9404147767814692,0
-0.02571880214426823,-0.5911081910918913,1
-0.3258154314653149,0.3754226041019747,1
0.18559506468184056,0.029950996765807134,1
-0.8509865873419443,0.8100204022133735,0
-0.38086472638927926,-0.23598583106664767,1
-0.35620896850396166,-0.929335868505847,0
0.9405005881833508,0.10081635046003203,0
0.06671083190410013,1.1402713363202208,0
0.45509036035941053,-0.14470636244486917,1
-0.031156223699259175,0.42296678223258427,1
0.19886741862835083,0.2884336284587611,1
0.13202528107736017,-0.21327184520329773,1
0.6532780183702522,-0.7720549882155,0
-0.5559573735796602,0.07531151795220971,1
0.9460726218465519,0.08916035804019452,0
0.7797957045822664,0.3757656940762333,0
0.2976545434110984,0.0962217007045329,1
-0.01227887491575155,0.5148893241253549,1
-0.23001868122590974,0.343143878554908,1
-0.5203209673857633,0.9367131177000401,0
0.1682153985734643,0.40436922536690834,1
-0.41571642703574324,-0.015512637111876988,1
-0.8313453814739065,-0.31646849646419345,0
-0.8357033290943667,0.2715159315379657,0
0.15965404173691766,0.3983199194560995,1
-0.1700500330820447,-0.20979997523382266,1
-0.8123741676151435,-0.5164989887940582,0
0.5236719418588898,0.32460875795276656,1
0.744589476358153,-0.4521882137616534,0
-0.48113405055264397,-0.25652540903765364,1
0.21273826945685204,-0.4311744841615024,1
0.39737497695270896,-0.290293579985967,1
-0.1953848572532746,0.39657003983445027,1
-0.7588980067671109,0.7963893176164332,0
-0.013977120152704879,0.7019286631924753,1
-0.8113771584181293,-0.34800803347592557,0
0.9912689879271719,0.53427484537081,0
-0.45840709445369116,0.9565719056046065,0
0.09951540074456312,-0.9715268489953323,0
1.058252013566644,0.4233885155710916,0
0.8522000714965292,0.516703711354915,0
-0.6000709761441791,-0.7216242784876175,0
0.04407133801090783,-0.39097882425968533,1
0.1764558821075417,-0.42701772007153005,1
-0.5815504040398781,-0.6851132765201877,0
0.4590632883141835,-0.12010599031331111,1
-0.58817850955506,0.23250196994844322,1
0.44473098040887343,-0.3287596191765949,1
-0.3994934729100585,-0.16390382639784348,1
-0.074819474123648,0.8408710362969775,0
-0.6289757358038468,0.531611498841111,0
-0.3449303647876936,0.11308289922184603,1
-0.34474823107802993,-0.09392738345882923,1
-0.32540830380278196,0.2544439581913582,1
0.08157676274817732,-0.9255060759696939,0
-1.010617434243518,-0.17445982673846822,0
0.837156046188876,0.5013650248475381,0
0.1259439054439624,-0.20983920462059094,1
0.8075720229926199,0.6558330961863502,0
0.6696406483509336,-0.7889744797184051,0
-0.048388976770197684,-0.477138926514976,1
-0.04469676104105835,-0.39966973356125923,1
0.38643611533056127,-0.8565755002914052,0
0.08820835184421026,0.4480232992528576,1
-0.3434272237708807,-0.14553151297447786,1
-0.07956171582549815,-1.065722676000909,0
0.06616249459033761,0.46111040134224246,1
0.7901329666711636,-0.7397630547049818,0
-0.7798978751479222,-0.49697687218510017,0
0.8653104073461797,-0.3532904734244904,0
0.30517477650478597,0.3066927732235074,1
-0.1783035779692231,0.27184932879495405,1
0.2238969750376397,0.2617910040406562,1
-0.47414091896812155,-0.309234410743462,1
0.5600891733758456,0.7740613456476438,0
-0.08140542503424814,-1.0032824418430832,0
-0.3919761017420245,0.2902408987563716,1
0.30437785782311316,-0.7890746999724495,0
0.8398070774264426,-0.2389197833150285,0
-0.37173827861033565,0.30076389713554325,1
-0.2801138503771931,0.7964942821056041,0
-0.8912229530577456,-0.35816305906869494,0
0.43336660384396075,-1.1188015659694233,0
0.2584649712334828,-0.39846917552924566,1
1.161803706392585,0.17993054993260738,0
-0.17243462403576476,-0.3041520945412484,1
-0.4928142074000655,0.5798680461941057,1
-0.04307923879226186,-0.9505433397857516,0
1.0151147169900687,0.22753858157591766,0
1.1532811942733914,-0.22209436022941126,0
-1.0169092282938135,-0.08025751707967033,0
-0.7506553544136596,0.5631631943331005,0
-0.30614501498141466,-0.3852763672425459,1
0.37431502881007317,-0.2421357652691225,1
0.5178988672182412,-0.11979883876545269,1
0.49852402926118244,0.010648642132881511,1
-0.1681843463878764,0.1311592333911114,1
0.5145060822884804,-0.8283745849289428,0
0.08750033519522848,-0.38362262390095414,1
-0.8724846052067804,0.32428551170990083,0
0.4043600765093782,-0.31651110534521093,1
0.4550782343220028,-0.8680254479009035,0
-0.017823584238701867,-0.9317652947009835,0
0.24259755789578058,0.3926019764050065,1
-0.9032431873371425,0.11957744826998423,0
-0.5894878135752336,0.8878919633963951,0
-0.5791818201574972,-0.5788218467107786,0
-0.8148769026167183,0.08549589454660923,0
-0.19312419217177806,-0.8953432319861356,0
-0.5406813690178875,-0.1769555605281826,1
-1.1816529526885446,0.19380232014635468,0
0.23433922776236965,0.1844401183982245,1
-0.7647329206722966,0.9875761172472656,0
0.8715832755991144,0.5732255008748257,0
0.30896000113037414,0.9690151229216032,0
-0.18865572963456145,-0.8768477291437773,0
-0.7225551503324803,-0.47912091035303644,0
0.9413357032933879,-0.4637494900649386,0
-0.5442538877807387,0.8182099035877591,0
0.9928508299577414,0.12130378746440755,0
-0.36866335527861366,-0.2819932989605083,1
0.1477059676528219,0.32051839303786683,1
-0.1616140840424606,-0.32243244801395976,1
1.3051325543078138,-0.1382104045745649,0
-0.9643999053249818,-0.7456606051833388,0
0.007710622762604591,-0.7921829806894974,0
0.347618028969008,-0.19881031348116376,1
-1.022605606615255,0.35775313284568167,0
-0.35954660940446154,-0.46767848120889927,1
-0.06286574882515976,-0.40670985609451715,1
-0.0919316471193329,-0.5066409833074652,1
-0.031152547577249765,-0.4259905946390237,1
-0.2770539338763034,-0.2641530892037291,1
-0.5118539162304699,-0.07779465808131569,1
0.9026259683907925,-0.5479702349231205,0
0.3245084447176447,-0.06758684148987743,1
-0.33355731631107916,0.09319748563146096,1
0.5631127887842826,0.08339213568020616,1
-0.3183259847791007,0.17808079533758508,1
-0.704431191652613,-0.7655446441466722,0
0.4733028993862679,0.905039710802241,0
0.9343330335784794,0.41947965635357154,0
-0.23414532650879066,-0.3220472235359206,1
0.8466585349398392,-0.44572490379504304,0
0.3276398101102708,0.31813821056859554,1
-1.0492035285728265,-0.34040639474880363,0
0.7183246707586154,-0.5223182925039261,0
-0.3648371243326948,-0.4030609580528002,1
-0.40523806972340515,0.015556030466777422,1
-0.6330768643640596,-0.6719716768057968,0
0.252107352436023,-0.2669826179786697,1
-0.3953813736264369,0.20653455492165532,1
0.3072515412551058,-0.37798527131078036,1
-0.27801911882672203,0.14575481660501047,1
0.12085333472808216,-0.6308092260827305,1
0.2824084343188841,-0.7582880769141102,0
-0.012038174383273599,0.5646529670638967,1
-0.32178004758208917,-1.004889080523314,0
0.36831800642970114,-0.797141441754355,0
0.9431299161534281,-0.3882312890141166,0
0.9599087556086723,-0.07027868710636917,0
0.379090519030315,-0.13406265889265623,1
0.9151609247944921,0.15495399136469812,0
0.45281493962837055,0.1515513613982323,1
-0.7687861895675739,-0.6714228561482118,0
0.1397369322623615,0.33193507665568434,1
0.43585378675452957,0.42789011824782397,1
0.7658031655649951,0.5408994504939604,0
-0.7946954491251951,-0.4899559540808476,0
0.18436096713445993,-0.3768225989808011,1
0.32933593298914776,0.31420305973045504,1
-0.030268970002252704,-0.5180287208515335,1
0.3698253548879216,-0.3584383760795309,1
0.06888382470327839,-0.40332174497351375,1
0.49230678104126,-0.17998279152858232,1
-0.6385857244101948,-0.6753130262242683,0
-0.5840368896987231,0.6782248988306132,0
-0.3796640590810853,-0.2965233991262516,1
0.5653539992365415,0.8917237068820388,0
-0.9234730811716741,0.6342065628903535,0
0.3866990261413632,-0.10519239982644533,1
-0.9592752470624586,-0.3157412222257092,0
0.012145868636078631,0.4831423053096389,1
-0.45288088430256485,-0.07787070074669158,1
-0.33889849139775396,-0.8519720787177701,0
0.004891334047223847,0.6041060651746374,1
0.9380456610158961,-0.6017706737418762,0
-0.532424906972807,0.11681817547994197,1
0.21711201247070677,1.0445672338750809,0
0.32408648504052395,-0.33337667151176026,1
-0.3193159018754472,0.9036858401564148,0
-0.9669704622361902,0.4536554127736491,0
0.10501238318960543,0.17804087954163478,1
0.8486903665564538,-0.3943589182700271,0
0.2365695495180506,-1.0249146218592429,0
1.0209141054687076,0.27646997020713404,0
0.5251527647866291,0.7577320771095393,0
0.9135001833213081,0.7489446900856636,0
0.5554587233628681,-0.6947104040859551,0
-0.2905603712454993,-0.8230903802960645,0
-0.3427881834272541,-0.25296184779517145,1
-0.3093413857239479,0.4674901762921314,1
0.378618477029411,0.31903904726291643,1
-0.9335881533347749,0.16972808356249963,0
0.020576463556870067,0.9876742180976326,0
0.13407678428606878,0.3160639395301482,1
-0.41933600270088245,-0.14369836688303114,1
-0.4180958085304237,-0.08446155672041838,1
0.8079717537208871,-0.7423068231568573,0
0.06705536923536504,0.9252071549795892,0
-0.532566699218529,-0.31711331578977475,1
0.518827589797367,0.24444541427778016,1
-0.136095098681392,0.43887453286936967,1
-0.2837160817014398,-0.43807610062117325,1
1.05848842270328,0.2263473796071661,0
-0.1711823104901366,0.44650594953740025,1
0.24036375261757414,-0.36695880218638677,1
-0.9162302561599511,0.1367985307442411,0
0.4435307149052349,0.4309001453699418,1
-0.11105225623953485,-0.4703804603004336,1
0.42333735808911005,0.12527588218331445,1
0.41765836635190867,-0.8181049189556941,0
-0.9622741040445495,0.004063577752695252,0
0.38167495716090477,0.18889205328612285,1
-0.20305224282340267,0.9049370415517353,0
0.2297716515368597,0.7243129154182826,0
0.6706123731119003,0.9740685369882776,0
-0.1388431697487479,0.18614211183139748,1
0.5518886995222481,-0.005011917567525063,1
-0.16861215242888972,-0.31221149204444026,1
0.8057291731785486,0.5596598624439424,0
-0.4008573111197018,-0.02679693656368698,1
0.3875194948773275,0.4476637525846787,1
-0.40378293545847727,0.5009297089964005,1
-0.44020980848710745,0.2652418015799544,1
0.3937406985280607,-0.9317646469171378,0
0.3285937484725368,-0.38124898457590195,1
-0.370552280673872,-0.9852988858011277,0
-0.5286654518031342,0.9865618332653786,0
-0.534593531706604,-0.9110857107924412,0
-0.6087265939032962,-0.9790350071323333,0
0.7824482707609487,0.2187160295039345,0
-0.38032294333510713,0.9792308795309356,0
-0.6091314495875908,0.06366314844128136,1
0.8803200906343859,0.337463567055425,0
0.12252612897978805,-0.9021015175246719,0
0.3364175728835046,0.9560871685706855,0
0.24113872722656204,-0.30152822835811915,1
-0.34725993807403904,-0.2921584507502198,1
0.5081550800335192,0.18363049091945605,1
-0.2937556960409925,0.22543772607652526,1
-0.09798668924511515,-0.4568565912714787,1
0.24312796650295926,0.5265903698648157,1
0.44881706922631387,-0.05181923250391028,1
0.4815440480031069,0.4110402661226761,1
-0.43359287016107695,-0.1004812546498542,1
0.2085659701513678,-0.4074734339280927,1
-0.02284572592139667,0.5443189421622925,1
0.5658029109663916,-0.07069907294861778,1
0.1909899164156895,-0.28838505744780246,1
-0.59738584819281,-0.11395435306673102,1
-0.3134002978936318,0.36909119363035936,1
0.500451418413263,-0.005936453248570643,1
0.24813434079506438,-0.8433957404846123,0
0.1945975691760731,0.9861296540258508,0
0.4424406866993654,0.23295639787996178,1
0.9553836857695828,-0.20596965233136383,0
-0.41699521109758675,-0.03926629913860427,1
-0.07107925328581423,0.633820912973316,1
-0.9467469988082247,-0.09263713802515387,0
0.016057358081122353,1.001923740598097,0
0.9357212506927876,-0.016003799034217385,0
-0.015039933472120626,0.9044734635460597,0
-0.777236477454759,0.5248335974875649,0
0.4639450353879967,0.05452806489704026,1
0.47759152477246364,0.9319123448267493,0
-0.2329064632245061,0.47687868615146883,1
-0.8035628990130479,0.31330201433440497,0
-0.230641632637628,-0.4848981471633811,1
-0.08761680960782496,0.938537698721315,0
-0.16951354022910894,-0.4290190255716428,1
-0.21372041437686262,0.4261442619655146,1
0.24418473893918197,0.40849687516218847,1
0.79921262521595,0.35725864140942554,0
-0.3239104141731012,-0.1366186978111007,1
-0.8779125211268948,0.3056538803684674,0
-0.2224000775923736,0.4352398891374133,1
0.4122115111127181,-0.8804636897981158,0
-0.0848005990186991,-0.420718386895444,1
0.26865387594806384,0.04012598481803577,1
-0.36809319693125925,-0.9220034124016061,0
-0.45332844101471853,-0.20681509658247138,1
0.3962291394127449,-0.112477265550527,1
-0.42644674259938065,-0.1652273221548295,1
0.14453684436748732,0.49694423196055026,1
-0.1737641516229412,0.9566522830211284,0
-0.18467724344714034,0.9433330587489894,0
0.8008956517318145,-0.8219018468316389,0
0.8628506035685349,-0.274718937874579,0
0.48827971327069536,0.026637583986298743,1
0.8014325716749409,-0.14074209570474572,0
0.44050804043540553,-0.811655842901155,0
-0.2645554367517135,0.8499190093921263,0
0.02576957724798832,1.0003574885168585,0
-0.1493189127499231,-0.34830690067442505,1
0.18813315033654895,0.26682546878293684,1
-0.17086828705512075,0.5097285368538678,1
0.6414779341056568,0.6445496609578849,0
-0.3685240629910956,-0.27825208717805305,1
0.39809080275243625,-1.1228358786713168,0
-0.2983899889397794,0.303960404308309,1
0.9483938881038538,-0.39678077033728604,0
-0.532864743312429,0.26004466113050384,1
0.023351042258731317,-0.36495408402005647,1
-0.004179648275475373,0.5237638973395632,1
-0.46819804373650487,-0.10715009404274962,1
-0.17866159688222918,-1.0084761230464843,0
-0.4694438273385546,-0.8750877192006609,0
0.13372487954685147,-0.9903479864963551,0
-0.012991188849320073,-0.5428641098892556,1
-0.9075762733949561,0.08666316760396672,0
0.297017202685673,-0.3741341406738996,1
-0.8966978279211226,0.4851775155601055,0
-0.11691803548288449,-0.21168922752466585,1
0.44436816368555854,0.17440751216783068,1
-0.7755302115938048,-0.5606950179274686,0
0.5015846465490884,0.11666382212885273,1
1.020592566566613,0.5672597893310645,0
1.1453649767706977,-0.2509006280088385,0
-0.6229893526714974,0.9400114962621983,0
-0.8137224205867721,-0.23341085900510944,0
-0.09128183828304803,0.4715659295723227,1
0.20860017900972827,-0.4915158859926721,1
-1.0333694028018712,-0.2654567325036474,0
